{
  "results": [
    {
      "command": "./c",
      "mean": 0.04395975152179105,
      "stddev": 0.0013330475040359724,
      "median": 0.04359036488,
      "user": 0.04346719253731343,
      "system": 0.0005252671641791045,
      "min": 0.04192036988,
      "max": 0.04943879588,
      "times": [
        0.04384567888,
        0.04375857488,
        0.04334905188,
        0.04345695788,
        0.04437720988,
        0.04365056788,
        0.043839678879999996,
        0.04317824188,
        0.04281192088,
        0.04299573188,
        0.04366836988,
        0.04259990888,
        0.04353706188,
        0.04253660588,
        0.04284742288,
        0.04306773488,
        0.04343185688,
        0.04352306088,
        0.04311983788,
        0.04300043088,
        0.04379067588,
        0.04340875488,
        0.04360576588,
        0.04334505188,
        0.04384387988,
        0.043451956879999996,
        0.04359036488,
        0.04338465388,
        0.04289792588,
        0.04192036988,
        0.04314333988,
        0.04348305888,
        0.043065434879999996,
        0.04380127688,
        0.04356776388,
        0.04353246088,
        0.04320454288,
        0.04366956888,
        0.04453181788,
        0.04418149788,
        0.04479823288,
        0.044839535879999996,
        0.04412589588,
        0.04398608788,
        0.04396038588,
        0.04799411388,
        0.04349965988,
        0.04277231888,
        0.04310013788,
        0.04285442388,
        0.04244099988,
        0.04335295088,
        0.04687525088,
        0.04427070388,
        0.04349625888,
        0.04534396388,
        0.04527915988,
        0.04672574288,
        0.04425550288,
        0.04943879588,
        0.04368656988,
        0.04501124488,
        0.04548407188,
        0.04450751688,
        0.04529406188,
        0.04400998788,
        0.04788370788
      ],
      "exit_codes": [
        0,
        0,
        0,
        0,
        0,
        0,
        0,
        0,
        0,
        0,
        0,
        0,
        0,
        0,
        0,
        0,
        0,
        0,
        0,
        0,
        0,
        0,
        0,
        0,
        0,
        0,
        0,
        0,
        0,
        0,
        0,
        0,
        0,
        0,
        0,
        0,
        0,
        0,
        0,
        0,
        0,
        0,
        0,
        0,
        0,
        0,
        0,
        0,
        0,
        0,
        0,
        0,
        0,
        0,
        0,
        0,
        0,
        0,
        0,
        0,
        0,
        0,
        0,
        0,
        0,
        0,
        0
      ]
    },
    {
      "command": "./go",
      "mean": 0.0841456432514286,
      "stddev": 0.0027208313695263543,
      "median": 0.08332791488,
      "user": 0.08324304285714285,
      "system": 0.0015131485714285713,
      "min": 0.08007132988,
      "max": 0.09178189288000001,
      "times": [
        0.08476689588,
        0.08333171488,
        0.08290338988,
        0.08302529688,
        0.08604336788,
        0.08376663888000001,
        0.09178189288000001,
        0.08332791488,
        0.08221145088000001,
        0.08607226988,
        0.08545453488,
        0.08243096388,
        0.08337271588,
        0.08878442288,
        0.08282258488000001,
        0.08315320388,
        0.08149750988,
        0.08007132988,
        0.09029440888,
        0.08252416788,
        0.08346172188,
        0.08324710988,
        0.08246266488000001,
        0.08824969288000001,
        0.08280328388000001,
        0.08275308088,
        0.08395854988,
        0.08079897088,
        0.08420346388,
        0.08236245988,
        0.08967537388,
        0.08584365588000001,
        0.08224295288,
        0.08406685588,
        0.08133100088
      ],
      "exit_codes": [
        0,
        0,
        0,
        0,
        0,
        0,
        0,
        0,
        0,
        0,
        0,
        0,
        0,
        0,
        0,
        0,
        0,
        0,
        0,
        0,
        0,
        0,
        0,
        0,
        0,
        0,
        0,
        0,
        0,
        0,
        0,
        0,
        0,
        0,
        0
      ]
    },
    {
      "command": "./rust",
      "mean": 0.10231096454666667,
      "stddev": 0.0014406818781985994,
      "median": 0.10223158388,
      "user": 0.10118595925925924,
      "system": 0.0011083962962962963,
      "min": 0.10095205188,
      "max": 0.10832662888,
      "times": [
        0.10832662888,
        0.10274581288000001,
        0.10223158388,
        0.10268234288,
        0.10250834588,
        0.10243294088,
        0.10148978488,
        0.10225033088,
        0.10263715388,
        0.10242654088,
        0.10255974888000001,
        0.10487168788000001,
        0.10200711588,
        0.10103855688,
        0.10095205188,
        0.10189870888000001,
        0.10133637488,
        0.10141818088,
        0.10151528588,
        0.10231003388,
        0.10102455688,
        0.10120046688,
        0.10185010588,
        0.10203751688,
        0.10277916188,
        0.10162959288000001,
        0.10223542988
      ],
      "exit_codes": [
        0,
        0,
        0,
        0,
        0,
        0,
        0,
        0,
        0,
        0,
        0,
        0,
        0,
        0,
        0,
        0,
        0,
        0,
        0,
        0,
        0,
        0,
        0,
        0,
        0,
        0,
        0
      ]
    },
    {
      "command": "./zig",
      "mean": 0.040939792978591544,
      "stddev": 0.0008096288486311869,
      "median": 0.04066673788,
      "user": 0.040546700000000005,
      "system": 0.00046177042253521127,
      "min": 0.03998679788,
      "max": 0.04432585788,
      "times": [
        0.04130657688,
        0.04131747788,
        0.04081104688,
        0.04125337388,
        0.04109616388,
        0.04085784988,
        0.04052182988,
        0.04114706688,
        0.03998679788,
        0.04007450288,
        0.040006699879999996,
        0.04060333488,
        0.040778544879999996,
        0.04026761388,
        0.04029701588,
        0.04003700088,
        0.04054923188,
        0.04030221688,
        0.04052433088,
        0.04038272188,
        0.04097395688,
        0.04069323988,
        0.040186909879999996,
        0.04088725188,
        0.04208412388,
        0.04180320688,
        0.04178760588,
        0.04283596888,
        0.04140048288,
        0.04234113888,
        0.041539290879999996,
        0.04048652688,
        0.04314238688,
        0.04209992388,
        0.04152868988,
        0.04085154988,
        0.04172110188,
        0.04021991188,
        0.04054913088,
        0.04151328888,
        0.04199721888,
        0.04056943288,
        0.04054113188,
        0.04044502488,
        0.04061103588,
        0.04085774988,
        0.04062393688,
        0.040639636879999996,
        0.04112456588,
        0.04101165888,
        0.04071704188,
        0.04011070588,
        0.04078354588,
        0.04055663188,
        0.04022161188,
        0.04066673788,
        0.04044012588,
        0.04082194788,
        0.04066093788,
        0.03999569788,
        0.04049392888,
        0.04032881788,
        0.04034241888,
        0.04025501388,
        0.04057613288,
        0.04130767688,
        0.04059813388,
        0.04432585788,
        0.042732262879999997,
        0.04139998288,
        0.04020161088
      ],