{
  "results": [
    {
      "command": "./c",
      "mean": 0.04214702987941175,
      "stddev": 0.0019306542156507847,
      "median": 0.0428542606,
      "user": 0.04147189529411764,
      "system": 0.0007581985294117647,
      "min": 0.0371193276,
      "max": 0.0442836686,
      "times": [
        0.0428894606,
        0.0435862656,
        0.042931160600000004,
        0.0432893626,
        0.0418774546,
        0.0397184426,
        0.0403225466,
        0.0429717606,
        0.042904360600000004,
        0.0429047606,
        0.0442836686,
        0.044025366600000004,
        0.0436199646,
        0.0434916646,
        0.0421933566,
        0.0411362506,
        0.041834554600000004,
        0.0371193276,
        0.0428190606,
        0.0416220526,
        0.0395968416,
        0.0422319576,
        0.0395790416,
        0.0379107316,
        0.0424789586,
        0.0441287676,
        0.0440396676,
        0.0440758676,
        0.0439887666,
        0.0426924596,
        0.0408255486,
        0.0379479326,
        0.0374730296,
        0.0404623466,
        0.0438823666,
        0.0439741666,
        0.044063267600000004,
        0.0426019586,
        0.038314234600000004,
        0.0417046536,
        0.0439661666,
        0.0440704676,
        0.0439149666,
        0.0426978596,
        0.0417338536,
        0.0396994426,
        0.0371279276,
        0.040609547600000004,
        0.0432136626,
        0.043476563600000004,
        0.0431100626,
        0.0400881446,
        0.0402040446,
        0.0435199646,
        0.043625964600000004,
        0.0437061656,
        0.0437923656,
        0.043484064600000004,
        0.0419757556,
        0.0433809626,
        0.0430626616,
        0.0432790626,
        0.044230268600000004,
        0.0424476576,
        0.0420838556,
        0.0427666596,
        0.0429389606,
        0.0402775456
      ],
      "exit_codes": [
        0,
        0,
        0,
        0,
        0,
        0,
        0,
        0,
        0,
        0,
        0,
        0,
        0,
        0,
        0,
        0,
        0,
        0,
        0,
        0,
        0,
        0,
        0,
        0,
        0,
        0,
        0,
        0,
        0,
        0,
        0,
        0,
        0,
        0,
        0,
        0,
        0,
        0,
        0,
        0,
        0,
        0,
        0,
        0,
        0,
        0,
        0,
        0,
        0,
        0,
        0,
        0,
        0,
        0,
        0,
        0,
        0,
        0,
        0,
        0,
        0,
        0,
        0,
        0,
        0,
        0,
        0,
        0
      ]
    },
    {
      "command": "./go",
      "mean": 0.08026589782222221,
      "stddev": 0.004674780118958397,
      "median": 0.08086237909999999,
      "user": 0.07877104888888889,
      "system": 0.0017415183333333332,
      "min": 0.0702432176,
      "max": 0.0911303386,
      "times": [
        0.0809861796,
        0.0703296186,
        0.0702476176,
        0.07794616260000001,
        0.0702432176,
        0.0764753536,
        0.0855365066,
        0.0776236596,
        0.0747658446,
        0.0813387816,
        0.0805022766,
        0.0819719856,
        0.07959207160000001,
        0.0733737366,
        0.0811311806,
        0.0786173656,
        0.0760945516,
        0.08434009960000001,
        0.0805644766,
        0.0911303386,
        0.0803693756,
        0.0843292996,
        0.0800526746,
        0.0842282976,
        0.0807385786,
        0.0766110546,
        0.0826519896,
        0.0839658966,
        0.0829266906,
        0.0817202846,
        0.0813979816,
        0.0848023016,
        0.0816709836,
        0.0797468726,
        0.0883396226,
        0.0832093926
      ],
      "exit_codes": [
        0,
        0,
        0,
        0,
        0,
        0,
        0,
        0,
        0,
        0,
        0,
        0,
        0,
        0,
        0,
        0,
        0,
        0,
        0,
        0,
        0,
        0,
        0,
        0,
        0,
        0,
        0,
        0,
        0,
        0,
        0,
        0,
        0,
        0,
        0,
        0
      ]
    },
    {
      "command": "./rust",
      "mean": 0.10006146176666668,
      "stddev": 0.0025506052519039487,
      "median": 0.1011640441,
      "user": 0.09886716,
      "system": 0.00121477,
      "min": 0.09490745760000001,
      "max": 0.1028224036,
      "times": [
        0.0960468656,
        0.10048759260000001,
        0.1009370946,
        0.0992729846,
        0.1014154976,
        0.09874428160000001,
        0.0999591886,
        0.1027893056,
        0.0972524726,
        0.10127189560000001,
        0.10263830360000001,
        0.10240760060000001,
        0.0981931776,
        0.09522946060000001,
        0.09755917360000001,
        0.1020553996,
        0.1017118976,
        0.09490745760000001,
        0.09796657560000001,
        0.10263350260000001,
        0.1012579946,
        0.10236030160000001,
        0.1021409996,
        0.10163239760000001,
        0.0951730596,
        0.10200309960000001,
        0.0975803736,
        0.10107009360000001,
        0.1028224036,
        0.1023234016
      ],
      "exit_codes": [
        0,
        0,
        0,
        0,
        0,
        0,
        0,
        0,
        0,
        0,
        0,
        0,
        0,
        0,
        0,
        0,
        0,
        0,
        0,
        0,
        0,
        0,
        0,
        0,
        0,
        0,
        0,
        0,
        0,
        0
      ]
    },
    {
      "command": "./zig",
      "mean": 0.039862919030555555,
      "stddev": 0.0021708118194629974,
      "median": 0.0400661441,
      "user": 0.03955209055555555,
      "system": 0.0003714377777777778,
      "min": 0.0339753096,
      "max": 0.0470650836,
      "times": [
        0.0407308476,
        0.0428037596,
        0.0409489486,
        0.0397565416,
        0.0392147386,
        0.0413891516,
        0.0442022676,
        0.0415760526,
        0.0395591406,
        0.0422295566,
        0.0385170346,
        0.0365615236,
        0.0393626396,
        0.0399437436,
        0.0409886496,
        0.0406340466,
        0.0394155406,
        0.0413234506,
        0.0391259386,
        0.0402337446,
        0.0402291446,
        0.040496346600000004,
        0.039807342600000004,
        0.0400016436,
        0.037688429600000004,
        0.0378485316,
        0.0382225326,
        0.0396389416,
        0.0409956496,
        0.0402315446,
        0.0402295446,
        0.041014249600000004,
        0.0409228486,
        0.0416578526,
        0.0436860646,
        0.0401306446,
        0.0395967416,
        0.0411565496,
        0.0414823516,
        0.0415448526,
        0.0409385486,
        0.041311550600000004,
        0.043047960600000004,
        0.0402498456,
        0.041991154600000004,
        0.0470650836,
        0.0399866436,
        0.0388277366,
        0.0383173336,
        0.0380037316,
        0.0369686256,
        0.0379464326,
        0.0374441286,
        0.0365248236,
        0.0404580456,
        0.0417761536,
        0.0419211546,
        0.0419610546,
        0.041616852600000004,
        0.0384278346,
        0.0347755136,
        0.0389141376,
        0.0385630346,
        0.0376341306,
        0.0393261396,
        0.0380694326,
        0.0376703296,
        0.0365874236,
        0.0339753096,
        0.0354722176,
        0.0381294326,
        0.0411292496
      ],