{
  "results": [
    {
      "command": "./c",
      "mean": 0.03538717731249999,
      "stddev": 0.0017283217369496802,
      "median": 0.0362438788,
      "user": 0.0349783475,
      "system": 0.0005231715,
      "min": 0.0319514008,
      "max": 0.0369311328,
      "times": [
        0.0364179298,
        0.0364297298,
        0.0362946298,
        0.0363767288,
        0.0362534288,
        0.036224027799999996,
        0.0369311328,
        0.0362990288,
        0.0362239288,
        0.0362129288,
        0.036333629799999996,
        0.0362674288,
        0.036259528799999996,
        0.0362417288,
        0.0361791278,
        0.0362680288,
        0.036246028799999996,
        0.0362056288,
        0.0362144278,
        0.036267029799999996,
        0.0363353288,
        0.0362926288,
        0.0362725288,
        0.036358228799999996,
        0.0362038288,
        0.036056327799999996,
        0.0361330278,
        0.0360763278,
        0.0362463278,
        0.0362033268,
        0.0362763278,
        0.0364533278,
        0.0363378278,
        0.0362149268,
        0.0362996278,
        0.036322727799999996,
        0.0362540268,
        0.0362664268,
        0.036184926799999996,
        0.0362568278,
        0.0361447258,
        0.036089126799999996,
        0.0362583268,
        0.0362539268,
        0.0362009268,
        0.0362379268,
        0.0362161268,
        0.0361715258,
        0.0361913268,
        0.0362867278,
        0.0363094268,
        0.032815405799999996,
        0.031978000799999996,
        0.0321620018,
        0.031967600799999996,
        0.0320135008,
        0.0321291018,
        0.032028900799999996,
        0.0321277018,
        0.0319942008,
        0.0320158008,
        0.0321510018,
        0.0320501008,
        0.0320040008,
        0.0320652018,
        0.0320519008,
        0.0320687018,
        0.0319514008,
        0.0367397298,
        0.0362516268,
        0.0361949268,
        0.036456928799999996,
        0.0362621268,
        0.0362835278,
        0.0363317268,
        0.0362970278,
        0.0362663268,
        0.0362880278,
        0.0362880268,
        0.0361886258
      ],
      "exit_codes": [
        0,
        0,
        0,
        0,
        0,
        0,
        0,
        0,
        0,
        0,
        0,
        0,
        0,
        0,
        0,
        0,
        0,
        0,
        0,
        0,
        0,
        0,
        0,
        0,
        0,
        0,
        0,
        0,
        0,
        0,
        0,
        0,
        0,
        0,
        0,
        0,
        0,
        0,
        0,
        0,
        0,
        0,
        0,
        0,
        0,
        0,
        0,
        0,
        0,
        0,
        0,
        0,
        0,
        0,
        0,
        0,
        0,
        0,
        0,
        0,
        0,
        0,
        0,
        0,
        0,
        0,
        0,
        0,
        0,
        0,
        0,
        0,
        0,
        0,
        0,
        0,
        0,
        0,
        0,
        0
      ]
    },
    {
      "command": "./go",
      "mean": 0.06457938552727273,
      "stddev": 0.003928584626960172,
      "median": 0.0658300093,
      "user": 0.06332364181818183,
      "system": 0.001632445454545455,
      "min": 0.0596622708,
      "max": 0.0717889458,
      "times": [
        0.0670767168,
        0.0599334728,
        0.0677696218,
        0.0674171188,
        0.0675281188,
        0.061649083800000004,
        0.0687327268,
        0.0621436868,
        0.0701711358,
        0.0598207718,
        0.0597113718,
        0.0600425738,
        0.0602205748,
        0.0675219188,
        0.0607605788,
        0.0682270238,
        0.0607418778,
        0.060031872800000004,
        0.0679831228,
        0.0618999848,
        0.0599066728,
        0.0683022248,
        0.0615945828,
        0.0687981268,
        0.0675816198,
        0.0597930718,
        0.0677481208,
        0.06751071980000001,
        0.0692134298,
        0.0620872858,
        0.0689306288,
        0.0677883208,
        0.0603927758,
        0.0679902228,
        0.0609098788,
        0.0717889458,
        0.0603003748,
        0.0677085208,
        0.0608639788,
        0.0687146268,
        0.061709483800000006,
        0.0596622708,
        0.0682304238,
        0.0645833018
      ],
      "exit_codes": [
        0,
        0,
        0,
        0,
        0,
        0,
        0,
        0,
        0,
        0,
        0,
        0,
        0,
        0,
        0,
        0,
        0,
        0,
        0,
        0,
        0,
        0,
        0,
        0,
        0,
        0,
        0,
        0,
        0,
        0,
        0,
        0,
        0,
        0,
        0,
        0,
        0,
        0,
        0,
        0,
        0,
        0,
        0,
        0
      ]
    },
    {
      "command": "./rust",
      "mean": 0.08526598177058824,
      "stddev": 0.00008073425430929476,
      "median": 0.0852519288,
      "user": 0.08461122470588235,
      "system": 0.0007472517647058823,
      "min": 0.0850952268,
      "max": 0.0855180308,
      "times": [
        0.0852295288,
        0.0852238278,
        0.0852363288,
        0.0852051288,
        0.0851835278,
        0.0852341288,
        0.0854184298,
        0.0852520288,
        0.0852179278,
        0.0852553278,
        0.0852429288,
        0.0852267288,
        0.08524542880000001,
        0.0852872288,
        0.0851482278,
        0.0854686298,
        0.0855180308,
        0.0852229288,
        0.0850952268,
        0.0852518288,
        0.0852291288,
        0.0853418288,
        0.08520632780000001,
        0.0852805288,
        0.0853037288,
        0.0853112298,
        0.0852727288,
        0.0852895288,
        0.08522652780000001,
        0.0852646298,
        0.0852848298,
        0.08527482980000001,
        0.0852636298,
        0.0853305298
      ],
      "exit_codes": [
        0,
        0,
        0,
        0,
        0,
        0,
        0,
        0,
        0,
        0,
        0,
        0,
        0,
        0,
        0,
        0,
        0,
        0,
        0,
        0,
        0,
        0,
        0,
        0,
        0,
        0,
        0,
        0,
        0,
        0,
        0,
        0,
        0,
        0
      ]
    },
    {
      "command": "./zig",
      "mean": 0.034046933637209294,
      "stddev": 0.00007630665336743521,
      "median": 0.0340446138,
      "user": 0.033762704186046516,
      "system": 0.0004221990697674419,
      "min": 0.033876812799999996,
      "max": 0.0343791158,